feature	metadata	value	coef	stderr	N	N.not.0	pval	qval
cephalosporin	status	Health	3.45495792205242	0.969176892564928	18	14	0.00258422636179919	0.021971846110429
monobactam	status	Health	3.49765069398389	1.02879160749552	18	12	0.00366197435173817	0.021971846110429
penem	status	Health	3.49765069398389	1.02879160749552	18	12	0.00366197435173817	0.021971846110429
tetracycline_antibiotic	status	Health	-1.21059619606707	0.588800244932705	18	18	0.0564728652737597	0.203302314985535
disinfecting_agents_and_antiseptics	status	Health	-1.25253755875439	0.609176043254957	18	16	0.0564644409680311	0.203302314985535
