feature	metadata	value	coef	stderr	N	N.not.0	pval	qval
TEM.1	status	Health	3.35563247813553	1.09983558198238	18	12	0.00762230640124103	0.182935353629785
